C036501,C038301,C044006,C051801,C060802,C0863I1,C087201,value
0-2%,Yes,None,None,Small extent,No response,1-5,237.266021061265
0-2%,Yes,None,None,Small extent,No response,6-10,237.431692332234
0-2%,Yes,None,None,Moderate extent,No response,0,237.714918710837
0-2%,Yes,None,None,Moderate extent,No response,1-5,252.846725452402
3-5%,Yes,None,None,Moderate extent,No response,1-5,235.721158308862
6-10%,Yes,None,None,Moderate extent,No response,1-5,231.781765988708
0-2%,Yes,None,None,Moderate extent,No response,6-10,236.330706559715
3-5%,Yes,None,None,Moderate extent,No response,6-10,242.484216305184
0-2%,Yes,None,None,Moderate extent,No response,11-15,240.156891708254
3-5%,Yes,None,None,Moderate extent,No response,11-15,235.183585114862
6-10%,Yes,None,None,Moderate extent,No response,11-15,241.18330800238
0-2%,Yes,None,None,Moderate extent,No response,16-25,248.613122164194
0-2%,Yes,None,None,Moderate extent,No response,More than 25,243.543953382563
3-5%,Yes,None,None,Moderate extent,No response,More than 25,255.420107158791
0-2%,Yes,None,None,Large extent,No response,0,231.59378493958
3-5%,Yes,None,None,Large extent,No response,0,230.59024165739
0-2%,Yes,None,None,Large extent,No response,1-5,239.636521980904
3-5%,Yes,None,None,Large extent,No response,1-5,237.76963380815
6-10%,Yes,None,None,Large extent,No response,1-5,222.16013485765
0-2%,Yes,None,None,Large extent,No response,6-10,234.852284295345
3-5%,Yes,None,None,Large extent,No response,6-10,238.817838563723
0-2%,Yes,None,None,Large extent,No response,11-15,251.948756901307
0-2%,Yes,None,None,Large extent,No response,16-25,268.18656000598
3-5%,Yes,None,None,Large extent,No response,16-25,258.214988004092
0-2%,Yes,None,None,Large extent,No response,More than 25,258.523090226969
0-2%,Yes,None,1-5%,Moderate extent,No response,1-5,245.832366555326
0-2%,Yes,None,1-5%,Large extent,No response,1-5,252.384460605828
0-2%,Yes,None,6-10%,Moderate extent,No response,0,240.665447229635
0-2%,Yes,None,6-10%,Moderate extent,No response,1-5,250.312736922768
3-5%,Yes,None,6-10%,Moderate extent,No response,1-5,233.707368489493
0-2%,Yes,None,6-10%,Moderate extent,No response,6-10,240.963021772251
0-2%,Yes,None,6-10%,Large extent,No response,0,247.812513274475
3-5%,Yes,None,6-10%,Large extent,No response,0,239.767620805381
0-2%,Yes,None,6-10%,Large extent,No response,1-5,235.148126984985
3-5%,Yes,None,6-10%,Large extent,No response,1-5,243.810040286472
0-2%,Yes,None,6-10%,Large extent,No response,6-10,242.622885232808
0-2%,Yes,None,11-25%,Small extent,No response,1-5,234.777108099804
3-5%,Yes,None,11-25%,Small extent,No response,1-5,236.642131733021
0-2%,Yes,None,11-25%,Moderate extent,No response,0,231.319027509153
3-5%,Yes,None,11-25%,Moderate extent,No response,0,244.736475080932
0-2%,Yes,None,11-25%,Moderate extent,No response,1-5,227.832856961406
3-5%,Yes,None,11-25%,Moderate extent,No response,1-5,242.237131550046
0-2%,Yes,None,11-25%,Moderate extent,No response,6-10,232.589020172103
3-5%,Yes,None,11-25%,Moderate extent,No response,6-10,242.0225173454
0-2%,Yes,None,11-25%,Large extent,No response,0,234.037875596347
3-5%,Yes,None,11-25%,Large extent,No response,0,237.301087686339
0-2%,Yes,None,11-25%,Large extent,No response,1-5,236.266440982663
3-5%,Yes,None,11-25%,Large extent,No response,1-5,242.185982084141
0-2%,Yes,None,11-25%,Large extent,No response,6-10,235.059840494836
3-5%,Yes,None,11-25%,Large extent,No response,6-10,238.203833948467
0-2%,Yes,None,26-50%,Small extent,No response,1-5,238.686452584813
0-2%,Yes,None,26-50%,Moderate extent,No response,1-5,244.840453812473
3-5%,Yes,None,26-50%,Moderate extent,No response,1-5,238.982584984934
3-5%,Yes,None,26-50%,Moderate extent,No response,6-10,212.919581891489
0-2%,Yes,None,26-50%,Large extent,No response,0,225.557895753992
3-5%,Yes,None,26-50%,Large extent,No response,0,237.237659329332
0-2%,Yes,None,26-50%,Large extent,No response,1-5,236.220712559402
3-5%,Yes,None,26-50%,Large extent,No response,1-5,231.702679610678
0-2%,Yes,None,51-75%,Moderate extent,No response,1-5,233.863571157697
0-2%,Yes,None,51-75%,Large extent,No response,1-5,231.773586766177
3-5%,Yes,None,51-75%,Large extent,No response,1-5,231.164340407549
3-5%,Yes,None,76-90%,Moderate extent,No response,1-5,217.713795284161
0-2%,Yes,None,76-90%,Large extent,No response,1-5,230.62050173267
3-5%,Yes,None,Over 90%,Moderate extent,No response,0,218.289839153996
0-2%,Yes,None,Over 90%,Moderate extent,No response,1-5,222.394765021684
3-5%,Yes,None,Over 90%,Moderate extent,No response,1-5,221.476637711625
6-10%,Yes,None,Over 90%,Moderate extent,No response,1-5,214.662118207312
0-2%,Yes,None,Over 90%,Large extent,No response,0,235.878539656779
3-5%,Yes,None,Over 90%,Large extent,No response,0,225.638924544103
0-2%,Yes,None,Over 90%,Large extent,No response,1-5,224.423327292158
3-5%,Yes,None,Over 90%,Large extent,No response,1-5,221.664814329391
6-10%,Yes,None,Over 90%,Large extent,No response,1-5,240.643101207094
0-2%,Yes,None,Over 90%,Large extent,No response,6-10,235.103306995311
0-2%,Yes,None,Over 90%,Large extent,No response,11-15,236.56265240697
3-5%,Yes,1-5%,None,Not at all,No response,1-5,236.728534377308
0-2%,Yes,1-5%,None,Small extent,No response,1-5,245.366150773558
3-5%,Yes,1-5%,None,Small extent,No response,1-5,257.206130892832
0-2%,Yes,1-5%,None,Small extent,No response,6-10,247.664354927873
6-10%,Yes,1-5%,None,Small extent,No response,6-10,252.284151551498
0-2%,Yes,1-5%,None,Small extent,No response,11-15,261.624642847081
3-5%,Yes,1-5%,None,Small extent,No response,11-15,264.472159413881
0-2%,Yes,1-5%,None,Small extent,No response,16-25,258.581681477668
3-5%,Yes,1-5%,None,Small extent,No response,16-25,256.621870319599
0-2%,Yes,1-5%,None,Small extent,No response,More than 25,256.879014604395
6-10%,Yes,1-5%,None,Small extent,No response,More than 25,241.827644211734
0-2%,Yes,1-5%,None,Moderate extent,No response,0,257.442980318901
3-5%,Yes,1-5%,None,Moderate extent,No response,0,249.674781144676
0-2%,Yes,1-5%,None,Moderate extent,No response,1-5,246.923107899594
3-5%,Yes,1-5%,None,Moderate extent,No response,1-5,246.514542621143
6-10%,Yes,1-5%,None,Moderate extent,No response,1-5,229.384472576226
0-2%,Yes,1-5%,None,Moderate extent,No response,6-10,252.250124100335
3-5%,Yes,1-5%,None,Moderate extent,No response,6-10,245.799428012537
6-10%,Yes,1-5%,None,Moderate extent,No response,6-10,255.801644732549
0-2%,Yes,1-5%,None,Moderate extent,No response,11-15,252.421811311685
3-5%,Yes,1-5%,None,Moderate extent,No response,11-15,255.20307065447
0-2%,Yes,1-5%,None,Moderate extent,No response,16-25,257.228428246678
3-5%,Yes,1-5%,None,Moderate extent,No response,16-25,258.274613483803
6-10%,Yes,1-5%,None,Moderate extent,No response,16-25,250.801992564314
0-2%,Yes,1-5%,None,Moderate extent,No response,More than 25,261.147677887619
3-5%,Yes,1-5%,None,Moderate extent,No response,More than 25,253.768030617521
6-10%,Yes,1-5%,None,Moderate extent,No response,More than 25,233.514083051993
0-2%,Yes,1-5%,None,Large extent,No response,0,238.864785012122
3-5%,Yes,1-5%,None,Large extent,No response,0,226.386837282188
0-2%,Yes,1-5%,None,Large extent,No response,1-5,242.060627670206
3-5%,Yes,1-5%,None,Large extent,No response,1-5,246.355849262483
6-10%,Yes,1-5%,None,Large extent,No response,1-5,246.297822528675
0-2%,Yes,1-5%,None,Large extent,No response,6-10,248.965345613398
3-5%,Yes,1-5%,None,Large extent,No response,6-10,244.429547327214
6-10%,Yes,1-5%,None,Large extent,No response,6-10,237.8071590993
0-2%,Yes,1-5%,None,Large extent,No response,11-15,251.890723128816
3-5%,Yes,1-5%,None,Large extent,No response,11-15,251.043200540869
0-2%,Yes,1-5%,None,Large extent,No response,16-25,255.899946291167
3-5%,Yes,1-5%,None,Large extent,No response,16-25,257.327298982521
0-2%,Yes,1-5%,None,Large extent,No response,More than 25,258.138460503419
3-5%,Yes,1-5%,None,Large extent,No response,More than 25,260.4226316767
6-10%,Yes,1-5%,None,Large extent,No response,More than 25,251.462677955907
0-2%,Yes,1-5%,1-5%,Moderate extent,No response,0,242.693848494532
0-2%,Yes,1-5%,1-5%,Moderate extent,No response,1-5,253.336160892794
3-5%,Yes,1-5%,1-5%,Moderate extent,No response,1-5,245.880912417272
0-2%,Yes,1-5%,1-5%,Moderate extent,No response,6-10,256.305109653403
0-2%,Yes,1-5%,1-5%,Large extent,No response,1-5,247.219051899554
3-5%,Yes,1-5%,1-5%,Large extent,No response,1-5,239.173555793933
0-2%,Yes,1-5%,1-5%,Large extent,No response,6-10,248.361751864685
3-5%,Yes,1-5%,6-10%,Small extent,No response,1-5,241.376665090908
0-2%,Yes,1-5%,6-10%,Moderate extent,No response,0,238.802011032791
0-2%,Yes,1-5%,6-10%,Moderate extent,No response,1-5,244.623408266951
3-5%,Yes,1-5%,6-10%,Moderate extent,No response,1-5,247.879144242588
0-2%,Yes,1-5%,6-10%,Moderate extent,No response,6-10,235.285583954889
3-5%,Yes,1-5%,6-10%,Moderate extent,No response,6-10,240.651528490585
0-2%,Yes,1-5%,6-10%,Moderate extent,No response,11-15,245.966062979249
3-5%,Yes,1-5%,6-10%,Moderate extent,No response,16-25,246.10578660668
0-2%,Yes,1-5%,6-10%,Large extent,No response,0,249.399796120933
0-2%,Yes,1-5%,6-10%,Large extent,No response,1-5,238.548581850158
3-5%,Yes,1-5%,6-10%,Large extent,No response,1-5,243.396689211776
6-10%,Yes,1-5%,6-10%,Large extent,No response,1-5,246.114462004247
0-2%,Yes,1-5%,6-10%,Large extent,No response,6-10,246.901488414206
3-5%,Yes,1-5%,6-10%,Large extent,No response,6-10,259.282882749714
0-2%,Yes,1-5%,6-10%,Large extent,No response,11-15,253.615499964887
0-2%,Yes,1-5%,11-25%,Small extent,No response,1-5,241.304175636912
3-5%,Yes,1-5%,11-25%,Small extent,No response,1-5,243.732555948116
6-10%,Yes,1-5%,11-25%,Small extent,No response,1-5,240.117490414569
3-5%,Yes,1-5%,11-25%,Small extent,No response,6-10,249.260413779237
0-2%,Yes,1-5%,11-25%,Moderate extent,No response,0,241.632059802733
3-5%,Yes,1-5%,11-25%,Moderate extent,No response,0,236.951336170017
0-2%,Yes,1-5%,11-25%,Moderate extent,No response,1-5,241.613713126274
3-5%,Yes,1-5%,11-25%,Moderate extent,No response,1-5,243.720024599533
6-10%,Yes,1-5%,11-25%,Moderate extent,No response,1-5,247.938957666441
0-2%,Yes,1-5%,11-25%,Moderate extent,No response,6-10,247.419096304714
3-5%,Yes,1-5%,11-25%,Moderate extent,No response,6-10,246.761258753716
6-10%,Yes,1-5%,11-25%,Moderate extent,No response,6-10,243.243976443959
0-2%,Yes,1-5%,11-25%,Moderate extent,No response,11-15,248.843150432801
3-5%,Yes,1-5%,11-25%,Moderate extent,No response,11-15,244.722270262944
3-5%,Yes,1-5%,11-25%,Moderate extent,No response,16-25,242.330521429473
0-2%,Yes,1-5%,11-25%,Large extent,No response,0,243.329408257144
3-5%,Yes,1-5%,11-25%,Large extent,No response,0,216.513420035239
6-10%,Yes,1-5%,11-25%,Large extent,No response,0,235.82413644388
0-2%,Yes,1-5%,11-25%,Large extent,No response,1-5,239.474167352839
3-5%,Yes,1-5%,11-25%,Large extent,No response,1-5,238.161886475143
6-10%,Yes,1-5%,11-25%,Large extent,No response,1-5,230.272199811838
0-2%,Yes,1-5%,11-25%,Large extent,No response,6-10,251.944126953529
3-5%,Yes,1-5%,11-25%,Large extent,No response,6-10,247.926039504444
0-2%,Yes,1-5%,11-25%,Large extent,No response,11-15,233.985232131562
3-5%,Yes,1-5%,11-25%,Large extent,No response,11-15,238.497843282577
0-2%,Yes,1-5%,11-25%,Large extent,No response,16-25,238.156165639329
3-5%,Yes,1-5%,11-25%,Large extent,No response,16-25,252.660774470019
0-2%,Yes,1-5%,26-50%,Small extent,No response,1-5,236.232867726582
0-2%,Yes,1-5%,26-50%,Moderate extent,No response,0,242.082736250795
0-2%,Yes,1-5%,26-50%,Moderate extent,No response,1-5,239.300679232282
3-5%,Yes,1-5%,26-50%,Moderate extent,No response,1-5,243.150026485618
0-2%,Yes,1-5%,26-50%,Moderate extent,No response,6-10,244.955864182243
0-2%,Yes,1-5%,26-50%,Moderate extent,No response,More than 25,241.927054842058
0-2%,Yes,1-5%,26-50%,Large extent,No response,0,239.133057266609
0-2%,Yes,1-5%,26-50%,Large extent,No response,1-5,234.504644333173
3-5%,Yes,1-5%,26-50%,Large extent,No response,1-5,243.152226708855
6-10%,Yes,1-5%,26-50%,Large extent,No response,1-5,234.780659078662
0-2%,Yes,1-5%,26-50%,Large extent,No response,6-10,240.307684593515
3-5%,Yes,1-5%,26-50%,Large extent,No response,6-10,238.374877960057
0-2%,Yes,1-5%,51-75%,Moderate extent,No response,1-5,236.192192781061
3-5%,Yes,1-5%,51-75%,Moderate extent,No response,1-5,228.248615992602
0-2%,Yes,1-5%,51-75%,Moderate extent,No response,6-10,239.461254148586
0-2%,Yes,1-5%,51-75%,Large extent,No response,1-5,234.306295463898
3-5%,Yes,1-5%,51-75%,Large extent,No response,1-5,231.538846054993
0-2%,Yes,1-5%,51-75%,Large extent,No response,6-10,241.053021746672
0-2%,Yes,1-5%,76-90%,Moderate extent,No response,1-5,223.13642208514
0-2%,Yes,1-5%,76-90%,Large extent,No response,1-5,229.081903894175
0-2%,Yes,1-5%,Over 90%,Small extent,No response,1-5,234.100307006025
0-2%,Yes,1-5%,Over 90%,Moderate extent,No response,0,238.432530655351
0-2%,Yes,1-5%,Over 90%,Moderate extent,No response,1-5,228.133260729219
3-5%,Yes,1-5%,Over 90%,Moderate extent,No response,1-5,239.19730299636
0-2%,Yes,1-5%,Over 90%,Moderate extent,No response,6-10,242.804085068124
3-5%,Yes,1-5%,Over 90%,Moderate extent,No response,6-10,238.606775532044
0-2%,Yes,1-5%,Over 90%,Large extent,No response,0,225.348906378096
3-5%,Yes,1-5%,Over 90%,Large extent,No response,0,228.783201265067
0-2%,Yes,1-5%,Over 90%,Large extent,No response,1-5,237.030846998747
3-5%,Yes,1-5%,Over 90%,Large extent,No response,1-5,224.702804289176
6-10%,Yes,1-5%,Over 90%,Large extent,No response,1-5,226.901894766671
0-2%,Yes,1-5%,Over 90%,Large extent,No response,6-10,235.047762405073
3-5%,Yes,1-5%,Over 90%,Large extent,No response,6-10,240.086685260049
0-2%,Yes,1-5%,Over 90%,Large extent,No response,11-15,243.907021443053
0-2%,Yes,1-5%,Over 90%,Large extent,No response,16-25,227.514043153108
3-5%,Yes,1-5%,Over 90%,Large extent,No response,More than 25,227.299767820281
0-2%,Yes,6-10%,None,Small extent,No response,1-5,251.179166307795
3-5%,Yes,6-10%,None,Small extent,No response,1-5,251.087390636076
3-5%,Yes,6-10%,None,Small extent,No response,11-15,248.959310961532
0-2%,Yes,6-10%,None,Moderate extent,No response,1-5,247.673261665129
3-5%,Yes,6-10%,None,Moderate extent,No response,1-5,236.945147572555
0-2%,Yes,6-10%,None,Moderate extent,No response,6-10,247.255300869152
3-5%,Yes,6-10%,None,Moderate extent,No response,6-10,248.877700651421
0-2%,Yes,6-10%,None,Moderate extent,No response,11-15,252.979422321981
3-5%,Yes,6-10%,None,Moderate extent,No response,11-15,253.812528230331
0-2%,Yes,6-10%,None,Moderate extent,No response,16-25,260.954457742794
3-5%,Yes,6-10%,None,Moderate extent,No response,16-25,231.380628336218
0-2%,Yes,6-10%,None,Moderate extent,No response,More than 25,249.220853578698
3-5%,Yes,6-10%,None,Moderate extent,No response,More than 25,252.402288247383
0-2%,Yes,6-10%,None,Large extent,No response,0,235.006065773911
3-5%,Yes,6-10%,None,Large extent,No response,0,235.579465726496
0-2%,Yes,6-10%,None,Large extent,No response,1-5,238.559230370667
3-5%,Yes,6-10%,None,Large extent,No response,1-5,238.625681109093
6-10%,Yes,6-10%,None,Large extent,No response,1-5,232.297090602756
0-2%,Yes,6-10%,None,Large extent,No response,6-10,247.071529691497
3-5%,Yes,6-10%,None,Large extent,No response,6-10,247.585452051142
6-10%,Yes,6-10%,None,Large extent,No response,6-10,233.277984837419
0-2%,Yes,6-10%,None,Large extent,No response,11-15,253.518483488206
3-5%,Yes,6-10%,None,Large extent,No response,11-15,236.649845146758
0-2%,Yes,6-10%,None,Large extent,No response,16-25,251.333924529176
3-5%,Yes,6-10%,None,Large extent,No response,16-25,252.401312819649
0-2%,Yes,6-10%,None,Large extent,No response,More than 25,253.653838742636
3-5%,Yes,6-10%,None,Large extent,No response,More than 25,260.802758312002
0-2%,Yes,6-10%,6-10%,Moderate extent,No response,1-5,244.944293367455
0-2%,Yes,6-10%,6-10%,Moderate extent,No response,6-10,250.09318503976
0-2%,Yes,6-10%,6-10%,Large extent,No response,0,221.517596599872
0-2%,Yes,6-10%,6-10%,Large extent,No response,1-5,241.538036958303
3-5%,Yes,6-10%,6-10%,Large extent,No response,1-5,238.690335545088
0-2%,Yes,6-10%,11-25%,Small extent,No response,1-5,241.824572452113
0-2%,Yes,6-10%,11-25%,Moderate extent,No response,1-5,240.414358195019
3-5%,Yes,6-10%,11-25%,Moderate extent,No response,1-5,243.748300397527
0-2%,Yes,6-10%,11-25%,Moderate extent,No response,6-10,249.771502780737
3-5%,Yes,6-10%,11-25%,Moderate extent,No response,6-10,240.211192269012
3-5%,Yes,6-10%,11-25%,Moderate extent,No response,16-25,238.3596574645
0-2%,Yes,6-10%,11-25%,Moderate extent,No response,More than 25,247.469577137821
0-2%,Yes,6-10%,11-25%,Large extent,No response,1-5,233.622595813563
3-5%,Yes,6-10%,11-25%,Large extent,No response,1-5,232.717247921218
0-2%,Yes,6-10%,11-25%,Large extent,No response,6-10,234.156522988154
3-5%,Yes,6-10%,11-25%,Large extent,No response,6-10,242.324560994254
0-2%,Yes,6-10%,11-25%,Large extent,No response,11-15,241.366742724194
3-5%,Yes,6-10%,11-25%,Large extent,No response,11-15,246.976352489922
0-2%,Yes,6-10%,26-50%,Moderate extent,No response,1-5,217.464003635554
3-5%,Yes,6-10%,26-50%,Moderate extent,No response,1-5,222.978433402736
0-2%,Yes,6-10%,26-50%,Moderate extent,No response,6-10,245.665982950574
0-2%,Yes,6-10%,26-50%,Moderate extent,No response,More than 25,239.983678572911
3-5%,Yes,6-10%,26-50%,Moderate extent,No response,More than 25,243.776567746369
0-2%,Yes,6-10%,26-50%,Large extent,No response,0,228.51344553947
0-2%,Yes,6-10%,26-50%,Large extent,No response,1-5,227.971762095763
3-5%,Yes,6-10%,26-50%,Large extent,No response,1-5,229.483146306352
0-2%,Yes,6-10%,26-50%,Large extent,No response,6-10,233.443730902515
0-2%,Yes,6-10%,51-75%,Moderate extent,No response,1-5,237.521492903654
0-2%,Yes,6-10%,51-75%,Moderate extent,No response,6-10,245.942657340806
3-5%,Yes,6-10%,51-75%,Moderate extent,No response,6-10,247.962925623748
0-2%,Yes,6-10%,51-75%,Large extent,No response,1-5,234.893309594498
0-2%,Yes,6-10%,76-90%,Large extent,No response,1-5,232.52151456208
0-2%,Yes,6-10%,Over 90%,Moderate extent,No response,1-5,228.668339558464
3-5%,Yes,6-10%,Over 90%,Moderate extent,No response,1-5,227.544178936425
0-2%,Yes,6-10%,Over 90%,Moderate extent,No response,6-10,235.823815281736
3-5%,Yes,6-10%,Over 90%,Moderate extent,No response,6-10,237.581351902074
0-2%,Yes,6-10%,Over 90%,Large extent,No response,0,220.9749378157
3-5%,Yes,6-10%,Over 90%,Large extent,No response,0,228.552034798952
0-2%,Yes,6-10%,Over 90%,Large extent,No response,1-5,233.65302279061
3-5%,Yes,6-10%,Over 90%,Large extent,No response,1-5,234.546767867212
0-2%,Yes,6-10%,Over 90%,Large extent,No response,6-10,236.011756379966
3-5%,Yes,6-10%,Over 90%,Large extent,No response,6-10,240.051724787131
6-10%,Yes,6-10%,Over 90%,Large extent,No response,6-10,237.283405520629
0-2%,Yes,11-25%,None,Small extent,No response,1-5,243.618239028166
3-5%,Yes,11-25%,None,Small extent,No response,1-5,260.684761339248
0-2%,Yes,11-25%,None,Small extent,No response,6-10,263.524139543337
0-2%,Yes,11-25%,None,Moderate extent,No response,1-5,241.938499139994
3-5%,Yes,11-25%,None,Moderate extent,No response,1-5,234.603101275424
0-2%,Yes,11-25%,None,Moderate extent,No response,6-10,244.190610736576
3-5%,Yes,11-25%,None,Moderate extent,No response,6-10,257.899255661752
0-2%,Yes,11-25%,None,Moderate extent,No response,11-15,254.75944647854
3-5%,Yes,11-25%,None,Moderate extent,No response,11-15,244.667104644598
0-2%,Yes,11-25%,None,Moderate extent,No response,16-25,242.869910904391
3-5%,Yes,11-25%,None,Moderate extent,No response,16-25,253.077838242767
0-2%,Yes,11-25%,None,Moderate extent,No response,More than 25,259.796214373685
3-5%,Yes,11-25%,None,Moderate extent,No response,More than 25,250.96865977363
0-2%,Yes,11-25%,None,Large extent,No response,0,230.308746983112
0-2%,Yes,11-25%,None,Large extent,No response,1-5,243.561629599782
3-5%,Yes,11-25%,None,Large extent,No response,1-5,235.460685244663
6-10%,Yes,11-25%,None,Large extent,No response,1-5,220.387126219087
0-2%,Yes,11-25%,None,Large extent,No response,6-10,249.446694466963
3-5%,Yes,11-25%,None,Large extent,No response,6-10,247.138289647807
6-10%,Yes,11-25%,None,Large extent,No response,6-10,232.210338867686
0-2%,Yes,11-25%,None,Large extent,No response,11-15,242.05579781583
0-2%,Yes,11-25%,None,Large extent,No response,16-25,252.382647029558
3-5%,Yes,11-25%,None,Large extent,No response,16-25,255.127730758093
0-2%,Yes,11-25%,None,Large extent,No response,More than 25,258.090843532098
3-5%,Yes,11-25%,None,Large extent,No response,More than 25,248.857572649248
0-2%,Yes,11-25%,6-10%,Moderate extent,No response,1-5,243.9919872889
3-5%,Yes,11-25%,6-10%,Moderate extent,No response,6-10,220.410808610158
0-2%,Yes,11-25%,6-10%,Large extent,No response,1-5,237.471511870313
3-5%,Yes,11-25%,6-10%,Large extent,No response,6-10,246.199518311275
0-2%,Yes,11-25%,11-25%,Small extent,No response,1-5,244.275161752152
0-2%,Yes,11-25%,11-25%,Moderate extent,No response,1-5,235.297525991983
3-5%,Yes,11-25%,11-25%,Moderate extent,No response,1-5,231.13731421073
0-2%,Yes,11-25%,11-25%,Moderate extent,No response,6-10,241.4754727822
0-2%,Yes,11-25%,11-25%,Large extent,No response,1-5,233.509624511523
3-5%,Yes,11-25%,11-25%,Large extent,No response,1-5,235.969898085167
0-2%,Yes,11-25%,11-25%,Large extent,No response,6-10,238.763658332823
3-5%,Yes,11-25%,11-25%,Large extent,No response,6-10,247.638598170035
0-2%,Yes,11-25%,11-25%,Large extent,No response,11-15,229.244682689564
0-2%,Yes,11-25%,26-50%,Moderate extent,No response,1-5,233.189107728353
3-5%,Yes,11-25%,26-50%,Moderate extent,No response,1-5,236.85275798089
0-2%,Yes,11-25%,26-50%,Moderate extent,No response,6-10,251.387997839523
0-2%,Yes,11-25%,26-50%,Large extent,No response,1-5,231.612268377371
3-5%,Yes,11-25%,26-50%,Large extent,No response,1-5,236.069338736816
0-2%,Yes,11-25%,26-50%,Large extent,No response,11-15,230.517957575269
3-5%,Yes,11-25%,51-75%,Moderate extent,No response,1-5,228.719859788524
6-10%,Yes,11-25%,51-75%,Moderate extent,No response,1-5,230.455490844853
0-2%,Yes,11-25%,51-75%,Large extent,No response,1-5,236.999429409127
3-5%,Yes,11-25%,51-75%,Large extent,No response,1-5,232.691519779057
0-2%,Yes,11-25%,51-75%,Large extent,No response,6-10,233.166248971547
0-2%,Yes,11-25%,76-90%,Large extent,No response,1-5,226.563355333597
3-5%,Yes,11-25%,76-90%,Large extent,No response,1-5,227.771411603947
0-2%,Yes,11-25%,76-90%,Large extent,No response,6-10,233.92682414256
0-2%,Yes,11-25%,Over 90%,Small extent,No response,1-5,227.733701761783
0-2%,Yes,11-25%,Over 90%,Moderate extent,No response,0,215.219856475375
0-2%,Yes,11-25%,Over 90%,Moderate extent,No response,1-5,234.121089747052
3-5%,Yes,11-25%,Over 90%,Moderate extent,No response,1-5,237.489717128744
0-2%,Yes,11-25%,Over 90%,Moderate extent,No response,6-10,237.533229428916
0-2%,Yes,11-25%,Over 90%,Large extent,No response,0,226.732524398329
0-2%,Yes,11-25%,Over 90%,Large extent,No response,1-5,232.077240266799
3-5%,Yes,11-25%,Over 90%,Large extent,No response,1-5,231.234546152292
6-10%,Yes,11-25%,Over 90%,Large extent,No response,1-5,209.738644349735
0-2%,Yes,11-25%,Over 90%,Large extent,No response,6-10,229.267739376168
3-5%,Yes,11-25%,Over 90%,Large extent,No response,6-10,224.84725411317
6-10%,Yes,11-25%,Over 90%,Large extent,No response,6-10,221.809403098043
0-2%,Yes,11-25%,Over 90%,Large extent,No response,11-15,223.857610222683
3-5%,Yes,11-25%,Over 90%,Large extent,No response,11-15,222.426456082875
0-2%,Yes,11-25%,Over 90%,Large extent,No response,16-25,225.47576393756
3-5%,Yes,11-25%,Over 90%,Large extent,No response,16-25,223.649347681603
3-5%,Yes,26-50%,None,Moderate extent,No response,1-5,235.765973007383
0-2%,Yes,26-50%,None,Moderate extent,No response,6-10,228.083877966509
6-10%,Yes,26-50%,None,Moderate extent,No response,6-10,228.582890957531
0-2%,Yes,26-50%,None,Large extent,No response,1-5,230.29785946474
3-5%,Yes,26-50%,None,Large extent,No response,1-5,234.091491069643
0-2%,Yes,26-50%,None,Large extent,No response,6-10,245.98436604837
3-5%,Yes,26-50%,None,Large extent,No response,6-10,242.309356302437
3-5%,Yes,26-50%,None,Large extent,No response,More than 25,229.539705335013
3-5%,Yes,26-50%,11-25%,Moderate extent,No response,1-5,236.418727355953
3-5%,Yes,26-50%,11-25%,Moderate extent,No response,11-15,234.014295134528
0-2%,Yes,26-50%,11-25%,Large extent,No response,1-5,238.527721446685
3-5%,Yes,26-50%,11-25%,Large extent,No response,1-5,238.919857870326
6-10%,Yes,26-50%,11-25%,Large extent,No response,1-5,220.564468843744
0-2%,Yes,26-50%,26-50%,Small extent,No response,1-5,220.283673761965
0-2%,Yes,26-50%,26-50%,Moderate extent,No response,1-5,215.869291750633
3-5%,Yes,26-50%,26-50%,Moderate extent,No response,1-5,238.979765835842
0-2%,Yes,26-50%,26-50%,Large extent,No response,1-5,234.07197105161
3-5%,Yes,26-50%,26-50%,Large extent,No response,1-5,236.127603490583
0-2%,Yes,26-50%,26-50%,Large extent,No response,6-10,243.673724594806
0-2%,Yes,26-50%,26-50%,Large extent,No response,11-15,224.743880984624
0-2%,Yes,26-50%,51-75%,Moderate extent,No response,6-10,222.369440050956
0-2%,Yes,26-50%,51-75%,Large extent,No response,1-5,241.230594147387
3-5%,Yes,26-50%,51-75%,Large extent,No response,1-5,225.735410871188
3-5%,Yes,26-50%,76-90%,Moderate extent,No response,1-5,232.029278467683
3-5%,Yes,26-50%,76-90%,Moderate extent,No response,6-10,225.819607356248
0-2%,Yes,26-50%,76-90%,Large extent,No response,1-5,221.785484364078
3-5%,Yes,26-50%,76-90%,Large extent,No response,16-25,229.153089662215
0-2%,Yes,26-50%,Over 90%,Moderate extent,No response,1-5,221.365491214653
3-5%,Yes,26-50%,Over 90%,Moderate extent,No response,1-5,222.985585909561
0-2%,Yes,26-50%,Over 90%,Moderate extent,No response,6-10,225.276906110431
3-5%,Yes,26-50%,Over 90%,Moderate extent,No response,6-10,221.811763984999
0-2%,Yes,26-50%,Over 90%,Large extent,No response,1-5,227.328858618859
3-5%,Yes,26-50%,Over 90%,Large extent,No response,1-5,223.870502625505
6-10%,Yes,26-50%,Over 90%,Large extent,No response,1-5,229.548557437385
0-2%,Yes,26-50%,Over 90%,Large extent,No response,6-10,222.76035334758
3-5%,Yes,26-50%,Over 90%,Large extent,No response,6-10,225.175776600657
0-2%,Yes,26-50%,Over 90%,Large extent,No response,11-15,216.104902208695
3-5%,Yes,26-50%,Over 90%,Large extent,No response,11-15,234.102043933836
0-2%,Yes,26-50%,Over 90%,Large extent,No response,More than 25,235.622587697989
3-5%,Yes,26-50%,Over 90%,Large extent,No response,More than 25,234.775410450426
3-5%,Yes,51-75%,None,Moderate extent,No response,1-5,255.021624362927
0-2%,Yes,51-75%,None,Large extent,No response,1-5,225.800337007181
0-2%,Yes,51-75%,76-90%,Large extent,No response,1-5,230.225565426405
0-2%,Yes,51-75%,Over 90%,Moderate extent,No response,1-5,224.214535132862
3-5%,Yes,51-75%,Over 90%,Moderate extent,No response,1-5,222.053296729167
0-2%,Yes,51-75%,Over 90%,Moderate extent,No response,6-10,226.93555947887
0-2%,Yes,51-75%,Over 90%,Large extent,No response,1-5,226.829038117191
3-5%,Yes,51-75%,Over 90%,Large extent,No response,1-5,214.495505069985
0-2%,Yes,51-75%,Over 90%,Large extent,No response,6-10,231.780823978113
3-5%,Yes,51-75%,Over 90%,Large extent,No response,6-10,243.974827946744
0-2%,Yes,76-90%,76-90%,Large extent,No response,1-5,244.396639755637
0-2%,Yes,76-90%,Over 90%,Large extent,No response,1-5,238.244280026894
3-5%,Yes,76-90%,Over 90%,Large extent,No response,1-5,218.121711048732
0-2%,Yes,Over 90%,Over 90%,Large extent,No response,1-5,217.200025338641
3-5%,Yes,Over 90%,Over 90%,Large extent,No response,1-5,225.969090068582
0-2%,No,None,None,Not at all,Yes,1-5,242.837981189509
0-2%,No,None,None,Not at all,Yes,6-10,239.709495495867
0-2%,No,None,None,Not at all,No response,1-5,251.18381688424
0-2%,No,None,None,Moderate extent,No response,1-5,242.35743466035
0-2%,No,None,None,Large extent,No response,1-5,250.101729422633
0-2%,No,None,None,Large extent,No response,6-10,262.970015179604
0-2%,No,None,Over 90%,Large extent,No response,1-5,225.393623304636
0-2%,No,1-5%,None,Moderate extent,No response,1-5,256.096948461277
3-5%,No,1-5%,None,Moderate extent,No response,1-5,242.647334507592
0-2%,No,1-5%,None,Moderate extent,No response,6-10,252.309145174556
3-5%,No,1-5%,None,Moderate extent,No response,11-15,250.452348853287
0-2%,No,1-5%,None,Moderate extent,No response,16-25,259.853964876448
0-2%,No,1-5%,None,Moderate extent,No response,More than 25,258.927945498059
0-2%,No,1-5%,None,Large extent,No response,1-5,254.473022655582
3-5%,No,1-5%,None,Large extent,No response,1-5,239.174461888768
0-2%,No,1-5%,None,Large extent,No response,6-10,249.968624206664
3-5%,No,1-5%,None,Large extent,No response,6-10,249.485129577228
0-2%,No,1-5%,None,Large extent,No response,11-15,246.634055702326
0-2%,No,1-5%,None,Large extent,No response,More than 25,263.851272252101
3-5%,No,1-5%,None,Large extent,No response,More than 25,267.782814078627
0-2%,No,1-5%,11-25%,Large extent,No response,1-5,249.427570102622
0-2%,No,6-10%,None,Moderate extent,No response,6-10,251.110134339707
3-5%,No,6-10%,None,Moderate extent,No response,6-10,245.752825104184
0-2%,No,6-10%,None,Moderate extent,No response,More than 25,262.880139101465
3-5%,No,6-10%,None,Moderate extent,No response,More than 25,273.572753477243
0-2%,No,6-10%,None,Large extent,No response,1-5,253.279818785809
0-2%,No,6-10%,None,Large extent,No response,6-10,240.699545875795
0-2%,No,6-10%,None,Large extent,No response,11-15,256.621579389988
0-2%,No,6-10%,None,Large extent,No response,16-25,266.946968838311
0-2%,No,6-10%,None,Large extent,No response,More than 25,284.759965844818
0-2%,No,6-10%,Over 90%,Large extent,No response,1-5,241.325147340142
0-2%,No,11-25%,None,Moderate extent,No response,1-5,242.349801428669
6-10%,No,11-25%,None,Moderate extent,No response,1-5,252.360389144602
0-2%,No,11-25%,None,Moderate extent,No response,11-15,258.843126052381
0-2%,No,11-25%,None,Large extent,No response,1-5,257.846185554369
3-5%,No,11-25%,None,Large extent,No response,1-5,225.920823983112
0-2%,No,11-25%,None,Large extent,No response,6-10,274.518548061621
3-5%,No,11-25%,None,Large extent,No response,More than 25,262.770096288689
3-5%,No,11-25%,Over 90%,Large extent,No response,1-5,237.575126551595
