T122201,T126008,T132801,T132802,T132803,T139901,TNSTUDM,value
11-20 years,Major,A little possible,Quite possible,Quite possible,Yes,26-30 students,235.036630596149
11-20 years,Major,A little possible,Quite possible,Quite possible,Tenure not awarded,26-30 students,236.151272345953
21 or more years,Major,A little possible,Completely possible,Quite possible,Yes,21-25 students,257.378672020539
11-20 years,Major,A little possible,Completely possible,Completely possible,Yes,21-25 students,244.168852758588
11-20 years,Major,A little possible,Completely possible,Completely possible,Yes,26-30 students,253.421495150501
11-20 years,Major,A little possible,Completely possible,Completely possible,Tenure not awarded,21-25 students,259.334318701899
11-20 years,Major,Somewhat possible,Somewhat possible,Somewhat possible,Yes,21-25 students,250.977878483935
21 or more years,Major,Somewhat possible,Somewhat possible,Somewhat possible,Yes,21-25 students,243.142468216217
11-20 years,Major,Somewhat possible,Somewhat possible,Somewhat possible,Yes,26-30 students,228.519611447192
6-10 years,Major,Somewhat possible,Somewhat possible,Somewhat possible,No,21-25 students,241.829084089575
11-20 years,Major,Somewhat possible,Somewhat possible,Somewhat possible,Tenure not awarded,21-25 students,248.333190957965
11-20 years,Major,Somewhat possible,Quite possible,Quite possible,Yes,19-20 students,245.650837825003
11-20 years,Major,Somewhat possible,Quite possible,Quite possible,Yes,21-25 students,244.746983242984
21 or more years,Major,Somewhat possible,Quite possible,Quite possible,Yes,21-25 students,250.636542574213
11-20 years,Major,Somewhat possible,Quite possible,Quite possible,Yes,26-30 students,248.402057948046
21 or more years,Major,Somewhat possible,Quite possible,Quite possible,Yes,26-30 students,245.933220401906
3-5 years,Major,Somewhat possible,Quite possible,Quite possible,No,21-25 students,248.744243635342
11-20 years,Major,Somewhat possible,Quite possible,Quite possible,Tenure not awarded,21-25 students,241.873884929439
21 or more years,Major,Somewhat possible,Quite possible,Quite possible,Tenure not awarded,21-25 students,242.7614797867
11-20 years,Major,Somewhat possible,Quite possible,Quite possible,Tenure not awarded,26-30 students,249.129202486211
11-20 years,Major,Somewhat possible,Completely possible,Quite possible,Yes,21-25 students,244.568471448399
21 or more years,Major,Somewhat possible,Completely possible,Quite possible,Yes,21-25 students,250.197948410479
11-20 years,Major,Somewhat possible,Completely possible,Quite possible,Yes,26-30 students,242.558686095115
21 or more years,Major,Somewhat possible,Completely possible,Quite possible,Yes,26-30 students,246.794866568806
6-10 years,Major,Somewhat possible,Completely possible,Quite possible,Tenure not awarded,21-25 students,242.783650014806
11-20 years,Major,Somewhat possible,Completely possible,Quite possible,Tenure not awarded,21-25 students,243.528592389674
21 or more years,Major,Somewhat possible,Completely possible,Quite possible,Tenure not awarded,21-25 students,249.728749301417
11-20 years,Major,Somewhat possible,Completely possible,Completely possible,Yes,16-18 students,242.194792159827
11-20 years,Major,Somewhat possible,Completely possible,Completely possible,Yes,19-20 students,249.709185266478
3-5 years,Major,Somewhat possible,Completely possible,Completely possible,Yes,21-25 students,230.034234162564
6-10 years,Major,Somewhat possible,Completely possible,Completely possible,Yes,21-25 students,257.092627056202
11-20 years,Major,Somewhat possible,Completely possible,Completely possible,Yes,21-25 students,240.830317643024
21 or more years,Major,Somewhat possible,Completely possible,Completely possible,Yes,21-25 students,249.180183314092
6-10 years,Major,Somewhat possible,Completely possible,Completely possible,Yes,26-30 students,240.584678997525
11-20 years,Major,Somewhat possible,Completely possible,Completely possible,Yes,26-30 students,238.874315319345
21 or more years,Major,Somewhat possible,Completely possible,Completely possible,Yes,26-30 students,242.418780666329
1-2 years,Major,Somewhat possible,Completely possible,Completely possible,No,21-25 students,237.821183209128
3-5 years,Major,Somewhat possible,Completely possible,Completely possible,No,21-25 students,228.357369006741
6-10 years,Major,Somewhat possible,Completely possible,Completely possible,No,21-25 students,251.236226502489
11-20 years,Major,Somewhat possible,Completely possible,Completely possible,No,21-25 students,249.907217980429
3-5 years,Major,Somewhat possible,Completely possible,Completely possible,No,26-30 students,240.725776752465
21 or more years,Major,Somewhat possible,Completely possible,Completely possible,Tenure not awarded,19-20 students,248.47393266385
3-5 years,Major,Somewhat possible,Completely possible,Completely possible,Tenure not awarded,21-25 students,240.958762347689
6-10 years,Major,Somewhat possible,Completely possible,Completely possible,Tenure not awarded,21-25 students,254.653860284211
11-20 years,Major,Somewhat possible,Completely possible,Completely possible,Tenure not awarded,21-25 students,238.347279998956
21 or more years,Major,Somewhat possible,Completely possible,Completely possible,Tenure not awarded,21-25 students,245.770457294684
6-10 years,Major,Somewhat possible,Completely possible,Completely possible,Tenure not awarded,26-30 students,240.516680193158
11-20 years,Major,Somewhat possible,Completely possible,Completely possible,Tenure not awarded,26-30 students,243.396942317471
11-20 years,Major,Quite possible,Quite possible,Quite possible,Yes,16-18 students,243.909682373501
21 or more years,Major,Quite possible,Quite possible,Quite possible,Yes,16-18 students,234.384031828597
6-10 years,Major,Quite possible,Quite possible,Quite possible,Yes,19-20 students,242.955846956613
11-20 years,Major,Quite possible,Quite possible,Quite possible,Yes,19-20 students,239.539684184779
21 or more years,Major,Quite possible,Quite possible,Quite possible,Yes,19-20 students,244.154724391508
6-10 years,Major,Quite possible,Quite possible,Quite possible,Yes,21-25 students,246.536091152824
11-20 years,Major,Quite possible,Quite possible,Quite possible,Yes,21-25 students,244.720706273263
21 or more years,Major,Quite possible,Quite possible,Quite possible,Yes,21-25 students,247.633847079357
6-10 years,Major,Quite possible,Quite possible,Quite possible,Yes,26-30 students,247.717374050549
11-20 years,Major,Quite possible,Quite possible,Quite possible,Yes,26-30 students,246.634825934753
21 or more years,Major,Quite possible,Quite possible,Quite possible,Yes,26-30 students,239.188962261569
6-10 years,Major,Quite possible,Quite possible,Quite possible,Yes,31 or more students,244.79116818755
11-20 years,Major,Quite possible,Quite possible,Quite possible,Yes,31 or more students,242.549060492728
3-5 years,Major,Quite possible,Quite possible,Quite possible,No,21-25 students,242.338571770096
6-10 years,Major,Quite possible,Quite possible,Quite possible,No,21-25 students,241.44555621057
11-20 years,Major,Quite possible,Quite possible,Quite possible,No,21-25 students,246.011893748308
3-5 years,Major,Quite possible,Quite possible,Quite possible,No,26-30 students,243.420505895651
11-20 years,Major,Quite possible,Quite possible,Quite possible,No,26-30 students,235.458106899501
11-20 years,Major,Quite possible,Quite possible,Quite possible,No,31 or more students,244.712170368731
11-20 years,Major,Quite possible,Quite possible,Quite possible,Tenure not awarded,19-20 students,243.833150460907
3-5 years,Major,Quite possible,Quite possible,Quite possible,Tenure not awarded,21-25 students,249.258895657382
6-10 years,Major,Quite possible,Quite possible,Quite possible,Tenure not awarded,21-25 students,248.096176914151
11-20 years,Major,Quite possible,Quite possible,Quite possible,Tenure not awarded,21-25 students,238.19822899707
21 or more years,Major,Quite possible,Quite possible,Quite possible,Tenure not awarded,21-25 students,255.523941434954
6-10 years,Major,Quite possible,Quite possible,Quite possible,Tenure not awarded,26-30 students,243.352834110852
11-20 years,Major,Quite possible,Quite possible,Quite possible,Tenure not awarded,26-30 students,237.320408165674
21 or more years,Major,Quite possible,Quite possible,Quite possible,Tenure not awarded,26-30 students,244.107618504114
11-20 years,Major,Quite possible,Quite possible,Quite possible,Tenure not awarded,31 or more students,234.933729950716
21 or more years,Major,Quite possible,Completely possible,Quite possible,Yes,19-20 students,243.664632489246
11-20 years,Major,Quite possible,Completely possible,Quite possible,Yes,21-25 students,249.951721267092
21 or more years,Major,Quite possible,Completely possible,Quite possible,Yes,21-25 students,247.913706505093
6-10 years,Major,Quite possible,Completely possible,Quite possible,Yes,26-30 students,256.412494039948
11-20 years,Major,Quite possible,Completely possible,Quite possible,Yes,26-30 students,240.214977495408
21 or more years,Major,Quite possible,Completely possible,Quite possible,Yes,26-30 students,260.055277574133
3-5 years,Major,Quite possible,Completely possible,Quite possible,No,21-25 students,231.081916956402
11-20 years,Major,Quite possible,Completely possible,Quite possible,Tenure not awarded,21-25 students,249.575112521066
21 or more years,Major,Quite possible,Completely possible,Quite possible,Tenure not awarded,21-25 students,250.702009776283
6-10 years,Major,Quite possible,Completely possible,Quite possible,Tenure not awarded,26-30 students,226.029025845236
6-10 years,Major,Quite possible,Completely possible,Completely possible,Yes,16-18 students,250.454434326323
11-20 years,Major,Quite possible,Completely possible,Completely possible,Yes,16-18 students,242.085738298815
21 or more years,Major,Quite possible,Completely possible,Completely possible,Yes,16-18 students,244.000986973426
11-20 years,Major,Quite possible,Completely possible,Completely possible,Yes,19-20 students,237.366647334453
21 or more years,Major,Quite possible,Completely possible,Completely possible,Yes,19-20 students,247.805705963467
3-5 years,Major,Quite possible,Completely possible,Completely possible,Yes,21-25 students,233.155537178922
6-10 years,Major,Quite possible,Completely possible,Completely possible,Yes,21-25 students,242.013946393279
11-20 years,Major,Quite possible,Completely possible,Completely possible,Yes,21-25 students,244.420344935939
21 or more years,Major,Quite possible,Completely possible,Completely possible,Yes,21-25 students,245.418720530234
6-10 years,Major,Quite possible,Completely possible,Completely possible,Yes,26-30 students,240.535470751415
11-20 years,Major,Quite possible,Completely possible,Completely possible,Yes,26-30 students,247.705980936736
21 or more years,Major,Quite possible,Completely possible,Completely possible,Yes,26-30 students,250.514660653706
11-20 years,Major,Quite possible,Completely possible,Completely possible,Yes,31 or more students,231.170777762289
21 or more years,Major,Quite possible,Completely possible,Completely possible,Yes,31 or more students,242.186763343244
1-2 years,Major,Quite possible,Completely possible,Completely possible,No,21-25 students,235.456264521375
3-5 years,Major,Quite possible,Completely possible,Completely possible,No,21-25 students,237.542321073207
6-10 years,Major,Quite possible,Completely possible,Completely possible,No,21-25 students,246.701698149476
11-20 years,Major,Quite possible,Completely possible,Completely possible,No,21-25 students,254.740363391373
11-20 years,Major,Quite possible,Completely possible,Completely possible,No,26-30 students,248.41844363623
11-20 years,Major,Quite possible,Completely possible,Completely possible,No,31 or more students,219.709158864634
6-10 years,Major,Quite possible,Completely possible,Completely possible,Tenure not awarded,19-20 students,252.532765596593
11-20 years,Major,Quite possible,Completely possible,Completely possible,Tenure not awarded,19-20 students,248.198986890483
21 or more years,Major,Quite possible,Completely possible,Completely possible,Tenure not awarded,19-20 students,247.005231544394
6-10 years,Major,Quite possible,Completely possible,Completely possible,Tenure not awarded,21-25 students,240.993092290384
11-20 years,Major,Quite possible,Completely possible,Completely possible,Tenure not awarded,21-25 students,244.923979459246
21 or more years,Major,Quite possible,Completely possible,Completely possible,Tenure not awarded,21-25 students,248.299298505227
11-20 years,Major,Quite possible,Completely possible,Completely possible,Tenure not awarded,26-30 students,251.624171617355
21 or more years,Major,Quite possible,Completely possible,Completely possible,Tenure not awarded,26-30 students,245.529877406059
6-10 years,Major,Quite possible,Completely possible,Completely possible,Tenure not awarded,31 or more students,253.599276583535
11-20 years,Major,Quite possible,Completely possible,Completely possible,Tenure not awarded,31 or more students,233.508627512577
21 or more years,Major,Quite possible,Completely possible,Completely possible,Tenure not awarded,31 or more students,234.41473377877
11-20 years,Major,Completely possible,Completely possible,Quite possible,Yes,21-25 students,254.431194718036
11-20 years,Major,Completely possible,Completely possible,Completely possible,Yes,15 or fewer students,220.178017291743
6-10 years,Major,Completely possible,Completely possible,Completely possible,Yes,16-18 students,243.12300253383
11-20 years,Major,Completely possible,Completely possible,Completely possible,Yes,16-18 students,242.830553082836
21 or more years,Major,Completely possible,Completely possible,Completely possible,Yes,16-18 students,245.262615187581
6-10 years,Major,Completely possible,Completely possible,Completely possible,Yes,19-20 students,256.759147403631
11-20 years,Major,Completely possible,Completely possible,Completely possible,Yes,19-20 students,245.369269332655
21 or more years,Major,Completely possible,Completely possible,Completely possible,Yes,19-20 students,247.066752165552
3-5 years,Major,Completely possible,Completely possible,Completely possible,Yes,21-25 students,239.048613566524
6-10 years,Major,Completely possible,Completely possible,Completely possible,Yes,21-25 students,245.746643014246
11-20 years,Major,Completely possible,Completely possible,Completely possible,Yes,21-25 students,238.639856269237
21 or more years,Major,Completely possible,Completely possible,Completely possible,Yes,21-25 students,246.560458226564
6-10 years,Major,Completely possible,Completely possible,Completely possible,Yes,26-30 students,244.402655974305
11-20 years,Major,Completely possible,Completely possible,Completely possible,Yes,26-30 students,239.596238704097
21 or more years,Major,Completely possible,Completely possible,Completely possible,Yes,26-30 students,240.542852096425
6-10 years,Major,Completely possible,Completely possible,Completely possible,Yes,31 or more students,235.577385756034
11-20 years,Major,Completely possible,Completely possible,Completely possible,Yes,31 or more students,238.944422651513
21 or more years,Major,Completely possible,Completely possible,Completely possible,Yes,31 or more students,247.112888846087
3-5 years,Major,Completely possible,Completely possible,Completely possible,No,16-18 students,247.314421518051
11-20 years,Major,Completely possible,Completely possible,Completely possible,No,16-18 students,225.360017036838
3-5 years,Major,Completely possible,Completely possible,Completely possible,No,19-20 students,235.775644338095
Less than 1 year,Major,Completely possible,Completely possible,Completely possible,No,21-25 students,231.315775506113
1-2 years,Major,Completely possible,Completely possible,Completely possible,No,21-25 students,242.380851537535
3-5 years,Major,Completely possible,Completely possible,Completely possible,No,21-25 students,243.032224883205
6-10 years,Major,Completely possible,Completely possible,Completely possible,No,21-25 students,235.694391795518
11-20 years,Major,Completely possible,Completely possible,Completely possible,No,21-25 students,243.328084742729
Less than 1 year,Major,Completely possible,Completely possible,Completely possible,No,26-30 students,235.204047210227
1-2 years,Major,Completely possible,Completely possible,Completely possible,No,26-30 students,227.06765899821
3-5 years,Major,Completely possible,Completely possible,Completely possible,No,26-30 students,241.931245640899
11-20 years,Major,Completely possible,Completely possible,Completely possible,No,26-30 students,234.606482003936
3-5 years,Major,Completely possible,Completely possible,Completely possible,No,31 or more students,233.774701138485
11-20 years,Major,Completely possible,Completely possible,Completely possible,No,31 or more students,227.529601909396
11-20 years,Major,Completely possible,Completely possible,Completely possible,Tenure not awarded,15 or fewer students,258.558110990583
6-10 years,Major,Completely possible,Completely possible,Completely possible,Tenure not awarded,16-18 students,255.885956414847
11-20 years,Major,Completely possible,Completely possible,Completely possible,Tenure not awarded,16-18 students,251.491112592245
21 or more years,Major,Completely possible,Completely possible,Completely possible,Tenure not awarded,16-18 students,244.055883257682
3-5 years,Major,Completely possible,Completely possible,Completely possible,Tenure not awarded,19-20 students,257.306367432274
6-10 years,Major,Completely possible,Completely possible,Completely possible,Tenure not awarded,19-20 students,247.387217143992
11-20 years,Major,Completely possible,Completely possible,Completely possible,Tenure not awarded,19-20 students,242.593619159497
21 or more years,Major,Completely possible,Completely possible,Completely possible,Tenure not awarded,19-20 students,241.518296440925
3-5 years,Major,Completely possible,Completely possible,Completely possible,Tenure not awarded,21-25 students,237.840591628555
6-10 years,Major,Completely possible,Completely possible,Completely possible,Tenure not awarded,21-25 students,245.650748033083
11-20 years,Major,Completely possible,Completely possible,Completely possible,Tenure not awarded,21-25 students,243.678158699836
21 or more years,Major,Completely possible,Completely possible,Completely possible,Tenure not awarded,21-25 students,241.616406947842
3-5 years,Major,Completely possible,Completely possible,Completely possible,Tenure not awarded,26-30 students,244.366326459072
6-10 years,Major,Completely possible,Completely possible,Completely possible,Tenure not awarded,26-30 students,240.551479527518
11-20 years,Major,Completely possible,Completely possible,Completely possible,Tenure not awarded,26-30 students,250.11793580914
21 or more years,Major,Completely possible,Completely possible,Completely possible,Tenure not awarded,26-30 students,247.975162785039
3-5 years,Major,Completely possible,Completely possible,Completely possible,Tenure not awarded,31 or more students,225.811683792096
6-10 years,Major,Completely possible,Completely possible,Completely possible,Tenure not awarded,31 or more students,247.79527037419
11-20 years,Major,Completely possible,Completely possible,Completely possible,Tenure not awarded,31 or more students,228.430774215228
21 or more years,Major,Completely possible,Completely possible,Completely possible,Tenure not awarded,31 or more students,243.378905041464
21 or more years,Minor/spec emphasis,Somewhat possible,Quite possible,Quite possible,Yes,21-25 students,250.592472694568
21 or more years,Minor/spec emphasis,Somewhat possible,Completely possible,Completely possible,Yes,21-25 students,252.988398732894
11-20 years,Minor/spec emphasis,Quite possible,Quite possible,Quite possible,Yes,21-25 students,249.889539262777
21 or more years,Minor/spec emphasis,Quite possible,Quite possible,Quite possible,Yes,21-25 students,237.628915566345
11-20 years,Minor/spec emphasis,Quite possible,Quite possible,Quite possible,Yes,26-30 students,236.090025602031
21 or more years,Minor/spec emphasis,Quite possible,Quite possible,Quite possible,Yes,26-30 students,237.19554446469
11-20 years,Minor/spec emphasis,Quite possible,Quite possible,Quite possible,Tenure not awarded,21-25 students,233.920589390962
11-20 years,Minor/spec emphasis,Quite possible,Completely possible,Completely possible,Yes,21-25 students,243.73153489991
21 or more years,Minor/spec emphasis,Quite possible,Completely possible,Completely possible,Yes,21-25 students,244.440881521007
11-20 years,Minor/spec emphasis,Quite possible,Completely possible,Completely possible,Tenure not awarded,26-30 students,249.815821011294
11-20 years,Minor/spec emphasis,Completely possible,Completely possible,Completely possible,Yes,21-25 students,245.141599626283
21 or more years,Minor/spec emphasis,Completely possible,Completely possible,Completely possible,Yes,21-25 students,238.561901763122
11-20 years,Minor/spec emphasis,Completely possible,Completely possible,Completely possible,Yes,26-30 students,262.800505320418
21 or more years,Minor/spec emphasis,Completely possible,Completely possible,Completely possible,Yes,26-30 students,237.832711330317
11-20 years,Minor/spec emphasis,Completely possible,Completely possible,Completely possible,Yes,31 or more students,219.930239568988
11-20 years,Minor/spec emphasis,Completely possible,Completely possible,Completely possible,Tenure not awarded,21-25 students,257.259741928054
21 or more years,Minor/spec emphasis,Completely possible,Completely possible,Completely possible,Tenure not awarded,21-25 students,239.909132856436
6-10 years,Minor/spec emphasis,Completely possible,Completely possible,Completely possible,Tenure not awarded,26-30 students,229.341386875467
11-20 years,No,Not at all,Completely possible,Completely possible,Yes,26-30 students,218.689278367902
11-20 years,No,A little possible,Quite possible,Quite possible,Yes,21-25 students,243.17454413444
21 or more years,No,A little possible,Quite possible,Quite possible,Yes,21-25 students,247.871823025268
21 or more years,No,A little possible,Completely possible,Quite possible,Yes,21-25 students,245.644058423723
11-20 years,No,A little possible,Completely possible,Completely possible,Yes,21-25 students,245.483325193646
21 or more years,No,A little possible,Completely possible,Completely possible,Yes,21-25 students,237.358691618142
11-20 years,No,Somewhat possible,Somewhat possible,Somewhat possible,Yes,21-25 students,244.985847444449
21 or more years,No,Somewhat possible,Somewhat possible,Somewhat possible,Yes,21-25 students,251.585797720582
11-20 years,No,Somewhat possible,Somewhat possible,Somewhat possible,Yes,26-30 students,230.363605984097
11-20 years,No,Somewhat possible,Quite possible,Quite possible,Yes,16-18 students,223.580473438357
11-20 years,No,Somewhat possible,Quite possible,Quite possible,Yes,19-20 students,241.806418942736
6-10 years,No,Somewhat possible,Quite possible,Quite possible,Yes,21-25 students,240.996432482359
11-20 years,No,Somewhat possible,Quite possible,Quite possible,Yes,21-25 students,241.727581458914
21 or more years,No,Somewhat possible,Quite possible,Quite possible,Yes,21-25 students,245.9467193992
11-20 years,No,Somewhat possible,Quite possible,Quite possible,Yes,26-30 students,243.03356906155
21 or more years,No,Somewhat possible,Quite possible,Quite possible,Yes,26-30 students,252.67239097954
3-5 years,No,Somewhat possible,Quite possible,Quite possible,No,21-25 students,241.899342459258
11-20 years,No,Somewhat possible,Quite possible,Quite possible,Tenure not awarded,19-20 students,241.914331742879
21 or more years,No,Somewhat possible,Quite possible,Quite possible,Tenure not awarded,21-25 students,243.540079834663
11-20 years,No,Somewhat possible,Completely possible,Quite possible,Yes,21-25 students,243.665848151615
21 or more years,No,Somewhat possible,Completely possible,Quite possible,Yes,21-25 students,247.141706676088
11-20 years,No,Somewhat possible,Completely possible,Completely possible,Yes,16-18 students,247.797706447522
21 or more years,No,Somewhat possible,Completely possible,Completely possible,Yes,16-18 students,246.919170505601
11-20 years,No,Somewhat possible,Completely possible,Completely possible,Yes,19-20 students,233.780203668605
6-10 years,No,Somewhat possible,Completely possible,Completely possible,Yes,21-25 students,245.76521205395
11-20 years,No,Somewhat possible,Completely possible,Completely possible,Yes,21-25 students,242.598067862787
21 or more years,No,Somewhat possible,Completely possible,Completely possible,Yes,21-25 students,245.252391730436
11-20 years,No,Somewhat possible,Completely possible,Completely possible,Yes,26-30 students,244.812054396088
21 or more years,No,Somewhat possible,Completely possible,Completely possible,Yes,26-30 students,243.176475233122
11-20 years,No,Somewhat possible,Completely possible,Completely possible,Yes,31 or more students,235.878511592598
21 or more years,No,Somewhat possible,Completely possible,Completely possible,Yes,31 or more students,237.856652760788
3-5 years,No,Somewhat possible,Completely possible,Completely possible,No,21-25 students,240.957653500206
6-10 years,No,Somewhat possible,Completely possible,Completely possible,No,21-25 students,231.874264070319
11-20 years,No,Somewhat possible,Completely possible,Completely possible,No,21-25 students,249.252158848819
6-10 years,No,Somewhat possible,Completely possible,Completely possible,Tenure not awarded,21-25 students,256.228735021951
11-20 years,No,Somewhat possible,Completely possible,Completely possible,Tenure not awarded,21-25 students,233.934944934873
11-20 years,No,Somewhat possible,Completely possible,Completely possible,Tenure not awarded,26-30 students,251.676118743891
11-20 years,No,Somewhat possible,Completely possible,Completely possible,Tenure not awarded,31 or more students,248.404776026183
11-20 years,No,Quite possible,Somewhat possible,Somewhat possible,Yes,21-25 students,242.032593502711
11-20 years,No,Quite possible,Quite possible,Quite possible,Yes,15 or fewer students,223.134376139249
11-20 years,No,Quite possible,Quite possible,Quite possible,Yes,16-18 students,245.347602821896
11-20 years,No,Quite possible,Quite possible,Quite possible,Yes,19-20 students,246.349534097615
21 or more years,No,Quite possible,Quite possible,Quite possible,Yes,19-20 students,238.431679969528
6-10 years,No,Quite possible,Quite possible,Quite possible,Yes,21-25 students,251.913194971587
11-20 years,No,Quite possible,Quite possible,Quite possible,Yes,21-25 students,241.853536044365
21 or more years,No,Quite possible,Quite possible,Quite possible,Yes,21-25 students,246.611981883831
6-10 years,No,Quite possible,Quite possible,Quite possible,Yes,26-30 students,243.367311457798
11-20 years,No,Quite possible,Quite possible,Quite possible,Yes,26-30 students,240.324382856389
21 or more years,No,Quite possible,Quite possible,Quite possible,Yes,26-30 students,248.071003186271
6-10 years,No,Quite possible,Quite possible,Quite possible,Yes,31 or more students,228.915917890925
21 or more years,No,Quite possible,Quite possible,Quite possible,Yes,31 or more students,242.538207837724
3-5 years,No,Quite possible,Quite possible,Quite possible,No,21-25 students,239.387551929147
6-10 years,No,Quite possible,Quite possible,Quite possible,No,21-25 students,234.565075200885
11-20 years,No,Quite possible,Quite possible,Quite possible,No,21-25 students,241.661702684862
3-5 years,No,Quite possible,Quite possible,Quite possible,No,26-30 students,226.158154914063
11-20 years,No,Quite possible,Quite possible,Quite possible,No,26-30 students,253.239031275821
11-20 years,No,Quite possible,Quite possible,Quite possible,No,31 or more students,240.805778981872
6-10 years,No,Quite possible,Quite possible,Quite possible,Tenure not awarded,21-25 students,246.779529816048
11-20 years,No,Quite possible,Quite possible,Quite possible,Tenure not awarded,21-25 students,246.472762138686
21 or more years,No,Quite possible,Quite possible,Quite possible,Tenure not awarded,21-25 students,250.378755075373
6-10 years,No,Quite possible,Quite possible,Quite possible,Tenure not awarded,26-30 students,253.306498660972
11-20 years,No,Quite possible,Quite possible,Quite possible,Tenure not awarded,26-30 students,247.608029535667
21 or more years,No,Quite possible,Quite possible,Quite possible,Tenure not awarded,26-30 students,242.705780790232
21 or more years,No,Quite possible,Quite possible,Completely possible,Yes,21-25 students,259.40756480649
6-10 years,No,Quite possible,Completely possible,Quite possible,Yes,21-25 students,256.928498097428
11-20 years,No,Quite possible,Completely possible,Quite possible,Yes,21-25 students,235.920990460327
21 or more years,No,Quite possible,Completely possible,Quite possible,Yes,21-25 students,238.698879429704
11-20 years,No,Quite possible,Completely possible,Quite possible,Yes,26-30 students,249.485506740373
21 or more years,No,Quite possible,Completely possible,Quite possible,Yes,26-30 students,260.31635055975
6-10 years,No,Quite possible,Completely possible,Quite possible,No,21-25 students,249.407237970878
11-20 years,No,Quite possible,Completely possible,Quite possible,Tenure not awarded,21-25 students,238.040119049432
21 or more years,No,Quite possible,Completely possible,Quite possible,Tenure not awarded,21-25 students,251.380575684347
11-20 years,No,Quite possible,Completely possible,Quite possible,Tenure not awarded,26-30 students,248.218898940884
11-20 years,No,Quite possible,Completely possible,Completely possible,Yes,16-18 students,226.502504503449
21 or more years,No,Quite possible,Completely possible,Completely possible,Yes,16-18 students,239.964632963669
6-10 years,No,Quite possible,Completely possible,Completely possible,Yes,19-20 students,255.322601484462
11-20 years,No,Quite possible,Completely possible,Completely possible,Yes,19-20 students,256.424156052886
21 or more years,No,Quite possible,Completely possible,Completely possible,Yes,19-20 students,239.997032730971
6-10 years,No,Quite possible,Completely possible,Completely possible,Yes,21-25 students,243.187887261347
11-20 years,No,Quite possible,Completely possible,Completely possible,Yes,21-25 students,245.604768395836
21 or more years,No,Quite possible,Completely possible,Completely possible,Yes,21-25 students,244.660946567735
6-10 years,No,Quite possible,Completely possible,Completely possible,Yes,26-30 students,240.921052552779
11-20 years,No,Quite possible,Completely possible,Completely possible,Yes,26-30 students,252.99389493702
21 or more years,No,Quite possible,Completely possible,Completely possible,Yes,26-30 students,247.693087464548
11-20 years,No,Quite possible,Completely possible,Completely possible,Yes,31 or more students,244.754529853975
21 or more years,No,Quite possible,Completely possible,Completely possible,Yes,31 or more students,246.294281974568
3-5 years,No,Quite possible,Completely possible,Completely possible,No,19-20 students,244.572517466422
3-5 years,No,Quite possible,Completely possible,Completely possible,No,21-25 students,228.567526009514
6-10 years,No,Quite possible,Completely possible,Completely possible,No,21-25 students,251.49262641189
11-20 years,No,Quite possible,Completely possible,Completely possible,No,21-25 students,242.427905221969
3-5 years,No,Quite possible,Completely possible,Completely possible,No,26-30 students,230.434080235094
11-20 years,No,Quite possible,Completely possible,Completely possible,No,26-30 students,231.477007364097
11-20 years,No,Quite possible,Completely possible,Completely possible,Tenure not awarded,16-18 students,234.776266012626
6-10 years,No,Quite possible,Completely possible,Completely possible,Tenure not awarded,19-20 students,237.176974714177
11-20 years,No,Quite possible,Completely possible,Completely possible,Tenure not awarded,19-20 students,248.059691647464
21 or more years,No,Quite possible,Completely possible,Completely possible,Tenure not awarded,19-20 students,232.287374769495
6-10 years,No,Quite possible,Completely possible,Completely possible,Tenure not awarded,21-25 students,235.229731502792
11-20 years,No,Quite possible,Completely possible,Completely possible,Tenure not awarded,21-25 students,239.484045902638
21 or more years,No,Quite possible,Completely possible,Completely possible,Tenure not awarded,21-25 students,244.271646177312
11-20 years,No,Quite possible,Completely possible,Completely possible,Tenure not awarded,26-30 students,253.00941348143
21 or more years,No,Quite possible,Completely possible,Completely possible,Tenure not awarded,26-30 students,250.441135815031
11-20 years,No,Quite possible,Completely possible,Completely possible,Tenure not awarded,31 or more students,236.274104198922
6-10 years,No,Completely possible,Completely possible,Quite possible,No,21-25 students,230.853383780433
11-20 years,No,Completely possible,Completely possible,Completely possible,Yes,15 or fewer students,231.278020265687
21 or more years,No,Completely possible,Completely possible,Completely possible,Yes,15 or fewer students,245.680446730204
11-20 years,No,Completely possible,Completely possible,Completely possible,Yes,16-18 students,251.743490429022
21 or more years,No,Completely possible,Completely possible,Completely possible,Yes,16-18 students,248.801299470278
11-20 years,No,Completely possible,Completely possible,Completely possible,Yes,19-20 students,250.248708175134
21 or more years,No,Completely possible,Completely possible,Completely possible,Yes,19-20 students,249.050977197035
6-10 years,No,Completely possible,Completely possible,Completely possible,Yes,21-25 students,240.454043486948
11-20 years,No,Completely possible,Completely possible,Completely possible,Yes,21-25 students,245.839444798092
21 or more years,No,Completely possible,Completely possible,Completely possible,Yes,21-25 students,248.136955552655
3-5 years,No,Completely possible,Completely possible,Completely possible,Yes,26-30 students,234.875827079053
6-10 years,No,Completely possible,Completely possible,Completely possible,Yes,26-30 students,244.659159757723
11-20 years,No,Completely possible,Completely possible,Completely possible,Yes,26-30 students,244.674943646128
21 or more years,No,Completely possible,Completely possible,Completely possible,Yes,26-30 students,241.069143491912
11-20 years,No,Completely possible,Completely possible,Completely possible,Yes,31 or more students,252.445628577411
21 or more years,No,Completely possible,Completely possible,Completely possible,Yes,31 or more students,245.709659064526
3-5 years,No,Completely possible,Completely possible,Completely possible,No,16-18 students,240.349209181956
11-20 years,No,Completely possible,Completely possible,Completely possible,No,16-18 students,258.701738436188
3-5 years,No,Completely possible,Completely possible,Completely possible,No,19-20 students,238.997176155262
1-2 years,No,Completely possible,Completely possible,Completely possible,No,21-25 students,236.726781122757
3-5 years,No,Completely possible,Completely possible,Completely possible,No,21-25 students,235.269761308201
6-10 years,No,Completely possible,Completely possible,Completely possible,No,21-25 students,238.290369252723
11-20 years,No,Completely possible,Completely possible,Completely possible,No,21-25 students,232.717501175484
3-5 years,No,Completely possible,Completely possible,Completely possible,No,26-30 students,234.204926651123
11-20 years,No,Completely possible,Completely possible,Completely possible,No,26-30 students,238.031519281288
11-20 years,No,Completely possible,Completely possible,Completely possible,Tenure not awarded,15 or fewer students,253.309603256148
21 or more years,No,Completely possible,Completely possible,Completely possible,Tenure not awarded,15 or fewer students,248.413692534588
6-10 years,No,Completely possible,Completely possible,Completely possible,Tenure not awarded,16-18 students,238.895302154845
11-20 years,No,Completely possible,Completely possible,Completely possible,Tenure not awarded,16-18 students,246.340074218475
11-20 years,No,Completely possible,Completely possible,Completely possible,Tenure not awarded,19-20 students,234.013793879404
21 or more years,No,Completely possible,Completely possible,Completely possible,Tenure not awarded,19-20 students,252.592811798661
3-5 years,No,Completely possible,Completely possible,Completely possible,Tenure not awarded,21-25 students,234.759434444838
6-10 years,No,Completely possible,Completely possible,Completely possible,Tenure not awarded,21-25 students,244.370104525281
11-20 years,No,Completely possible,Completely possible,Completely possible,Tenure not awarded,21-25 students,245.553056555186
21 or more years,No,Completely possible,Completely possible,Completely possible,Tenure not awarded,21-25 students,251.868543274166
3-5 years,No,Completely possible,Completely possible,Completely possible,Tenure not awarded,26-30 students,227.986472041486
6-10 years,No,Completely possible,Completely possible,Completely possible,Tenure not awarded,26-30 students,239.083639304553
11-20 years,No,Completely possible,Completely possible,Completely possible,Tenure not awarded,26-30 students,241.476403368982
21 or more years,No,Completely possible,Completely possible,Completely possible,Tenure not awarded,26-30 students,246.45647508704
3-5 years,No,Completely possible,Completely possible,Completely possible,Tenure not awarded,31 or more students,246.553819084717
6-10 years,No,Completely possible,Completely possible,Completely possible,Tenure not awarded,31 or more students,215.622187478676
11-20 years,No,Completely possible,Completely possible,Completely possible,Tenure not awarded,31 or more students,246.3252137339
